id|question
1000|aa
1000|aafdaf
1000|qured
1000|jjj aa
1000|vafasfsa aafdaf
1000|ajaldal
1000|hhh aa
1000|qwqwrqw 
1000|a
200|Cách giải quyết bảo hiểm khi công ty bị thua lỗ
200|Cách giải quyết khi công ty bị thua lỗ
200|Cách giải quyết khi công ty phá sản
200|Cách giải quyết bảo hiểm khi công ty mất khả năng chi trả
200|Cách giải quyết bảo hiểm khi công ty không có khả năng chi trả
200|Cách giải quyết bảo hiểm khi công ty không thể chi trả
200|Cách giải quyết bảo hiểm khi công ty bị thua lỗ hoặc phá sản
201|Với giá trị đảm bảo của công ty có thể so với tình hình lạm phát hiện nay như thế nào
201|Tình hình lạm phát ảnh hưởng đến việc đảm bảo bảo hiểm của công ty thế nào
201|Bảo hiểm đảm bảo cho công ty khi có lạm phát
201|Bảo hiểm so với lạm phát
201|bảo hiểm khi có lạm phát
201|Tình hình lạm phát ảnh hưởng đến việc đảm bảo bảo hiểm của công ty thế nào
201|Bảo hiểm đảm bảo cho công ty khi có lạm phát
202|Thủ tục Hồ sơ bên Metlife khác BIC thế nào
202|Bảo hiểm bên BIC và Metlife khác nhau như thế nào
202|Bảo hiểm bên BIC và Metlife khác nhau
202|Thủ tục Hồ sơ bên BIC và Metlife khác nhau như thế nào
202|Tính chất bảo hiểm bên BIC và Metlife khác nhau như thế nào
203|Khám thẩm định
203|Tại sao phải đi khám sức khoẻ
203|Tại sao khám sức khoẻ
203|Khám sức khỏe
203|Tại sao lại phải đi khám
204|Chỉ định người thụ hưởng
205|Bảo hiểm tử kỳ
205|Sản phẩm bảo hiểm tử kỳ
205|sản phẩm này là gì
205|Sản phẩm bảo hiểm tử kỳ có tham gia chia bảo tức không?
206|Bổ trợ tai nạn tăng cường
206|Bổ trợ tai nạn cá nhân
220|bảo hiểm
220|bảo hiểm là gì
221|doanh nghiệp bảo hiểm
221|công ty bảo hiểm
221|cong ti bao hiem
222|đại lý bảo hiểm
222|đại lí bảo hiểm
1|bên mua bảo hiểm
1|bên mua
2|người được bảo hiểm
3|tuổi tối đa khi kết thúc hợp đồng
3|tuổi tối đa
3|Tuổi tối đa kết thúc bảo hiểm tử kỳ là bao nhiêu?
4|người thụ hưởng
4|Vai trò của người thụ hưởng
4|Vai trò của người thụ hưởng trong hợp đồng
4|Vai trò của người thụ hưởng trong hợp đồng bảo hiểm
4|Trong hợp đồng bảo hiểm nhận thọ thì Người thụ hưởng là ai
5|tuổi người được bảo hiểm
5|tuổi tính thế nào
5|tính tuổi
6|Thời hạn bảo hiểm
6|Thời hạn bh
7|Thời hạn hợp đồng
7|Thời hạn hd
8|Năm hợp đồng
9|Số tiền bảo hiểm
9|Tiền bảo hiểm
9|Số tiền bh
9|Tiền bh
10|Phí bảo hiểm định kỳ
10|Phí bảo hiểm
10|phí bh
10|phí bh định kỳ
11|Thời hạn đóng phí
11|Thời hạn đóng phí bảo hiểm
11|Thời hạn đóng phí hợp đồng
11|Thời hạn đóng phí bh
11|Thời hạn đóng phí hd
12|Ngày đến hạn đóng phí
12|ngày đóng phí
12|hạn đóng phí
12|ngày hạn đóng phí
12|Thời điểm nộp phí
12|Ngày đến hạn đóng phí bh
12|ngày đóng phí bh
12|ngày hạn đóng phí bh
12|Thời điểm nộp phí bh
13|Thời gian gia hạn đóng phí bảo hiểm
13|thời gian gia hạn đóng phí
13|gia hạn đóng phí
14|Khôi phục hiệu lực hợp đồng
14|Khôi phục hợp đồng
14|Thời gian khôi phục hợp đồng
14|Bao lâu thì có thể khôi phục xong hiệu lực hợp đồng
14|Bao lâu thì có thể khôi phục xong hiệu lực hợp đồng?
14|Thủ tục khôi phục hợp đồng
14|Hợp đồng bị mất hiệu lực
14|Khôi phục hiệu lực hợp đồng
14|Điều kiện để khôi phục hợp đồng
14|Thời gian mất hiệu lực hợp đồng là bao lâu thì vẫn có thể khôi phục lại
14|Hợp đồng chấm dứt mấy tháng thì vẫn có thể khôi phục được
14|Hợp đồng chấm dứt mấy tháng thì không thể khôi phục được
14|Thủ tục để khôi phục hợp đồng đang mất hiệu lực
14|Khôi phục hiệu lực hd
14|Khôi phục hd
15|Ngày hiệu lực của Hợp đồng
15|Ngày hiệu lực
15|Ngày hiệu lực hd
16|Ngày kỷ niệm hợp đồng
16|Ngày kỷ niệm
16|Ngày kỷ niệm hd
16|kỷ niệm hợp đồng
16|kỷ niệm hd
17|Thương tật toàn bộ vĩnh viễn
17|Thương tật toàn phần vĩnh viễn
17|thương tật vĩnh viễn
18|Hợp đồng bảo hiểm
18|Hợp đồng
19|Hồ sơ yêu cầu bảo hiểm
19|Hồ sơ yêu cầu
20|Giấy chứng nhận bảo hiểm
20|Chứng nhận bảo hiểm
20|Chứng nhận hợp đồng
21|Bảng minh họa quyền lợi
21|Minh hoạ quyền lợi
22|Thời gian cân nhắc
22|Những việc có thể làm trong thời gian cân nhắc
22|Quyền lợi trong thời gian cân nhắc thế nào?
23|Thời hạn bảo hiểm tạm thời
23|Hạn bảo hiểm tạm thời
24|Quyền lợi bảo hiểm tạm thời
25|Loại trừ đối với bảo hiểm tạm thời
25|Loại trừ bảo hiểm tạm thời
26|Bảo hiểm tạm thời chấm dứt
27|Quyền lợi bảo hiểm tử vong
27|Quyền lợi bh tử vong
28|Quyền lợi bảo hiểm thương tật toàn bộ vĩnh viễn
28|Quyền lợi bảo hiểm thương tật
28|Quyền lợi bh thương tật
28|Quyền lợi bh thương tật toàn bộ vĩnh viễn
29|Loại trừ đối với sự kiện tử vong
29|Loại trừ tử vong
29|Loại trừ khi tử vong
30|Loại trừ đối với sự kiện Thương tật toàn bộ vĩnh viễn
30|Loại trừ thương tật toàn bộ vĩnh viễn
30|loại trừ thương tật
30|loại trừ thương tật vĩnh viễn
31|THAY ĐỔI SỐ TIỀN
31|thay đổi tiền
31|Tăng Số tiền
31|tăng tiền
31|tăng tiền bảo hiểm
31|tăng số tiền bảo hiểm
31|Giảm Số tiền
31|Giảm số tiền bảo hiểm
31|giảm tiền
31|giảm tiền bảo hiểm
31|giảm mức phí bảo hiêm
31|Mức phí đóng bảo hiểm có thể giảm xuống
31|Giảm mức phí đóng bảo hiểm
31|Giảm mức phí bảo hiểm bằng cách nào
31|Mức phí đóng bảo hiểm có thể giảm xuống không
31|Giảm mức phí đóng bảo hiểm được không
31|Mức phí đóng bảo hiểm có thể tăng lên
31|Tăng mức phí đóng bảo hiểm
31|Tăng mức phí bảo hiểm bằng cách nào
31|Mức phí đóng bảo hiểm có thể tăng xuống không
31|Tăng mức phí đóng bảo hiểm được không
31|Tăng phí bảo hiểm
31|Mức phí đóng bảo hiểm có thể tăng lên
31|tăng mức phí bảo hiểm
31|giảm phí bh
31|tăng phí bh
31|tăng tiền bh
31|giảm tiền bh
31|thay đổi phí bh
31|thay đổi tiền bh
31|Những quyền lợi khi mức phí đóng bảo hiểm tăng lên
32|THAY ĐỔI NGHỀ NGHIỆP, NƠI CƯ TRÚ, RA KHỎI LÃNH THỔ VIỆT NAM
32|THAY ĐỔI NGHỀ NGHIỆP
32|THAY ĐỔI NƠI CƯ TRÚ
32|RA KHỎI LÃNH THỔ VIỆT NAM
32|RA KHỎI VIỆT NAM
33|THAY ĐỔI NGƯỜI THỤ HƯỞNG
34|CHUYỂN NHƯỢNG HỢP ĐỒNG BẢO HIỂM
34|Chuyển nhượng hợp đồng
34|Điều kiện nhận hợp đồng chuyển nhượng
34|Điều kiện nhượng hợp đồng
34|Hiệu lực chuyển nhượng hợp đồng
34|Thủ tục chuyển nhượng hợp đồng
34|Các cách chuyển nhượng hợp đồng
34|Chuyển nhượng hợp đồng bảo hiểm tử kỳ
34|Thủ tục chuyển nhượng hợp đồng là gì
34|Cần nộp gì cho công ty khi chuyển nhượng hợp đồng
35|Thay đổi trong trường hợp Bên mua bảo hiểm là cá nhân bị tử vong
35|Thay đổi khi cá nhân tử vong
35|Thay đổi khi Bên mua bảo hiểm là cá nhân tử vong
35|Thay đổi khi Bên mua tử vong
36|Thay đổi trong trường hợp Bên mua bảo hiểm là tổ chức bị giải thể
36|Thay đổi bên mua giải thể
36|Thay đổi bên mua phá sản
36|Thay đổi trong trường hợp Bên mua bảo hiểm là tổ chức bị phá sản
36|Khi bên mua bị phá sản
36|Khi bên mua bị giải thể
36|Thay đổi trong trường hợp Bên mua bảo hiểm là tổ chức giải thể
36|Thay đổi trong trường hợp Bên mua bảo hiểm là tổ chức phá sản
37|THỜI HẠN YÊU CẦU GIẢI QUYẾT QUYỀN LỢI BẢO HIỂM
37|thời hạn giải quyết bảo hiểm
37|thời hạn giải quyết quyền lợi
38|HỒ SƠ YÊU CẦU GIẢI QUYẾT QUYỀN LỢI BẢO HIỂM
38|Hồ sơ giải quyết bảo hiểm
39|NHẬN QUYỀN LỢI HỢP ĐỒNG BẢO HIỂM
39|Nhận quyền lợi bảo hiểm
40|NGHĨA VỤ CHỨNG MINH
41|THỜI GIAN GIẢI QUYẾT QUYỀN LỢI BẢO HIỂM
42|BẢO MẬT THÔNG TIN
42|KÊ KHAI CUNG CẤP VÀ BẢO MẬT THÔNG TIN
42|KÊ KHAI CUNG CẤP THÔNG TIN
43|MIỄN TRUY XÉT
44|GIẢI QUYẾT TRANH CHẤP
50|Sản phẩm tôi đang tham gia
50|bảo hiểm tôi đang tham gia
50|tôi đang dùng bảo hiểm nào
50|loại bảo hiểm tôi đang dùng
50|Bảo hiểm tôi đang tham gia được hiểu thế nào
51|Hợp đồng bảo hiểm chưa có đã ký người được bảo hiểm gặp rủi ro giải quyết
51|Bị tử vong khi hợp đồng bảo hiểm chưa làm xong giải quyết
51|Giải quyết bảo hiểm rủi ro sau khi đã tham gia bảo hiểm chưa có hợp đồng
52|Số tiền bảo hiểm tối thiểu
52|Số tiền bảo hiểm tối đa
53|Mức phí để tham gia bảo hiểm
53|Mức phí tối thiểu và tối đa để tham gia
53|Mức phí tham gia
53|Mức phí để tham gia bảo hiểm là thế nào?
53|Phí tham gia bảo hiểm
53|Phí tham gia bh
53|Số tiền cần đóng để tham gia bảo hiểm là bao nhiêu
53|Số tiền tối thiểu và tối đa để tham gia bảo hiểm là bao nhiêu
53|Số tiền đóng bảo hiểm
53|Quy định số tiền đóng bảo hiểm
53|Phí bảo hiểm phụ thuộc vào cái gì
54|Hợp đồng bảo hiểm có được chia lãi
54|Lãi trong bảo hiểm tử kỳ
54|Chia lãi
55|Quy định khách hàng VIP
55|Khách hàng VIP
55|Quyền lợi khách hàng VIP
55|Mức phí để làm khách hàng VIP
55|Hợp đồng liên quan  đến việc trở thành khách hàng VIP
56|Thay đổi sản phẩm bộ trợ
56|Thêm bớt sản phẩm bộ trợ
56|Có thể thêm bớt sản phẩm bổ trợ
56|Thêm sản phẩm bổ trợ
56|bớt sản phẩm bộ trợ
57|Đi công tác nước ngoài có cần khai báo
57|Đi công tác nước ngoài khai báo
57|Đi công tác nước ngoài
58|Thay đổi định kỳ đóng tiền
58|Thay đổi định kỳ đóng phí
58|Mức phí thay đổi định kỳ đóng phí
58|Cách tính phí bảo hiểm theo định kỳ
58|Mức phí cho việc thay đổi định kỳ đóng phí là bao nhiêu
58|Cách tính phí bảo hiểm theo định kỳ
58|Phí bảo hiểm theo định kỳ được tính như thế nào
58|Công thức tính phí bảo hiểm
58|Tính phí bảo hiểm theo định kỳ
59|Gặp rủi ro nước ngoài giải quyết
59|Giải quyết quyền lợi rời Việt Nam chưa khai báo
59|Giải quyết quyền lợi rời Việt Nam không khai báo
59|Quyền lợi rủi ro nước ngoài
59|Đi nước ngoài khai báo gì
60|Nhắc nhở nộp phí
60|Quên nộp phí
60|Quên đóng phí
60|Thời điểm nộp phí
60|Nhắc nhở nộp phí bh
60|Quên nộp phí bh
60|Quên đóng phí bh
60|Thời điểm nộp phí bh
60|Những ảnh hưởng nếu công ty quên nhắc nhở nộp phí
60|Xử lý vấn đề quên đóng phí
61|quên đóng phí thời gian mất hiệu lực
62|Hiệu lực hợp đồng bị cắt khi nộp tiền sát ngày ân hạn và công ty không nhận được tiền
62|Gặp rủi ro trong khoảng thời gian hợp đồng bị cắt thì được giải quyết thế nào?
62|Giải quyết thế nào khi nộp tiền sát ngày hết hiệu lực hợp đồng và công ty chưa nhận được tiền
62|Công ty giải quyết thế nào khi nộp tiền sát ngày hết hiệu lực hợp đồng và công ty chưa nhận được tiền
62|hết hiệu lực hơp đồng công ty chưa nhận được tiền
62|bị cắt hơp đồng công ty chưa nhận được tiền
62|hiệu lực hợp đồng bị cắt khi công ty chưa nhận được tiền bảo hiểm
62|hiệu lực hợp đồng bị cắt khi công ty chưa nhận được tiền
63|Chưa đóng phí gặp rủi ro trong thời gian ân hạn
63|Chưa đóng phí gặp rủi ro trong thời gian còn hiệu lực hợp đồng
63|Quyền lợi rủi ro trong thời gian còn hiệu lực hợp đồng
63|Quyền lợi trong thời gian còn hiệu lực hợp đồng
63|Quyền lợi rủi ro trong thời gian ân hạn
63|Quyền lợi rủi ro còn hiệu lực hợp đồng
63|Quyền lợi hd còn hiệu lực
64|Chưa nộp phí bảo hiểm khi đã hết thời gian ân hạn hợp đồng
64|Mức lãi suất cần nộp khi đã qua thời gian ân hạn hợp đồng
64|Thời gian tính lãi suất khi đã qua thời gian ân hạn hợp đồng
64|Gặp rủi ro khi chưa nộp phí bảo hiểm
64|Lãi suất áp dụng khi chưa nộp phí do ai xác định
64|Lãi suất của khoản lãi phát sinh để khôi phục hợp đồng
64|Các khoản phí phải nộp khi khôi phục hiệu lực hợp đồng
64|Mức lãi suất khôi phục hợp đồng
64|Mức lãi suất qua ân hạn hợp đồng
64|lãi suất khôi phục hợp đồng
64|lãi suất qua ân hạn hợp đồng
64|lãi suất khôi phục hd
64|lãi suất qua ân hạn hd
65|Tạm dừng hợp đồng
65|Tham gia lại hợp đồng
65|Các hình thức có thể làm để tạm dừng hợp đồng
65|Có thể tạm dừng hợp đồng được không?
65|Có thể tham gia lại hợp đồng sau thời gian tạm dừng
65|Thủ tục tham gia lại hợp đồng
65|Thời gian tham gia lại hợp đồng như thế nào
65|Hiệu lực tạm dừng hợp đồng
66|Chỉ định người thụ hưởng
66|Có thể chỉ định ai là người thụ hưởng
66|Ai có thể được chỉ dịnh là người thụ hưởng
66|Người thụ hưởng là một hoặc nhiều người có được không?
66|Điều kiện chỉ định người thụ hưởng
66|Điều kiện để trở thành người thụ hưởng
66|Thời điểm chỉ định người thụ hưởng
66|Có thể chỉnh sửa người thụ hưởng
66|Có thể bổ sung người thụ hưởng
66|Có thể bỏ người thụ hưởng
66|Điều kiện để là Người thụ hưởng trong hợp đồng
66|Các quy định về việc chỉ định Người thụ hưởng
66|Có thể chỉ định Người thụ hưởng không
67|Quyền lợi chi trả bảo hiểm cho người thụ hưởng khi có rủi ro
67|chi trả quyền lợi bảo hiểm cho người thụ hưởng
67|chi trả quyền lợi cho người thụ hưởng
67|chi trả quyền lợi bh cho người thụ hưởng
68|Cách giải quyết nếu cả người thụ hưởng và người mua bảo hiểm đều gặp rủi ro?
68|Người thụ hưởng và người mua đều gặp rủi ro
68|Nếu vợ là người thụ hưởng gặp rủi ro
68|Thanh toán chi trả quyền lợi bảo hiểm cho ai nếu cả người thụ hưởng và người mua đều gặp tai nạn rủi ro.
68|Thủ tục nhận thanh toán bảo hiểm khi người mua và người thụ hưởng đều gặp rủi ro
68|Nếu không có người thụ hưởng thì giải quyết rủi ro thế nào
68|Rủi ro được giải quyết thế nào nếu không có người thụ hưởng
69|Các thủ tục phải nộp để giải quyết rủi ro
69|Cách thức nộp thủ tục để giải quyết rủi ro
69|Thời gian phúc đáp trả lời phản hồi cho người gặp rủi ro người thụ hưởng người mua bảo hiểm
69|Các thủ tục cần có để giải quyết quyền lợi bảo hiểm khi gặp rủi ro
69|thủ tục yêu cầu giải quyết quyền lợi bảo hiểm
69|thủ tục yêu cầu giải quyết quyền lợi bh
69|thủ tục yêu cầu giải quyết bảo hiểm
69|thủ tục yêu cầu giải quyết bh
69|thủ tục yêu cầu bảo hiểm
69|thủ tục yêu cầu bh
69|thủ tục yêu cầu giải quyết bảo hiểm
69|thủ tục yêu cầu giải quyết bh
70|Mắc bệnh thuộc phạm vi loại trừ sau khi đã có hợp đồng bảo hiểm
70|Cách giải quyết bảo hiểm đối với người mắc bệnh thuộc phạm vi loại trừ trong thời gian hợp đồng
70|Bị mắc bệnh loại trừ trong thời gian hợp đồng hiệu lực.
70|Quy định về việc mắc bệnh loại trừ trong thời gian hợp đồng hiệu lực
71|Mất khả năng nộp phí
71|Muốn chấm dứt hợp đồng khi mất khả năng nộp phí
71|Thủ tục chấm dứt hợp đồng
71|Quyền lợi sau khi chấm dứt hợp đồng là gì?
71|Chấm dứt hợp đồng trước ngày còn hiệu lực hợp đồng thì quyền lợi là gì?
71|Có được nhận lại tiền/phí nếu chấm dứt hợp đồng trước ngày còn hiệu lực
72|Công việc liên quan đến nghĩa vụ nộp thuế ở nước ngoài phải khai báo
72|nghĩa vụ nộp thuế ở nước ngoài phải khai báo
72|nộp thuế ở Mỹ phải khai báo
72|nộp thuế ở Hoa Kỳ phải khai báo
72|nộp thuế ở nước ngoài khai báo
73|Nhận được gì khi kết thúc hợp đồng
73|Quyền lợi khi kết thúc hợp đồng
73|Quyền lợi khi kết thúc hd
73|Có nhận được gì khi kết thúc hợp đồng này
74|Hết quyền lợi được bảo hiểm
74|Hết quyền lợi được bảo hiểm, có phải thông báo cho công ty
74|hết quyền lợi bh
74|hết quyền lợi được bh
75|tuổi tham gia
75|Tuổi
75|độ tuổi tham gia
1000|aa
1000|aafdaf
1000|qured
1000|jjj aa
1000|vafasfsa aafdaf
1000|ajaldal
1000|hhh aa
1000|qwqwrqw 
1000|a
1000|n
1000|bao hiem nay vo dung
1000|bao hiem nay vo dung
200|Cach giai quyet bao hiem khi cong ty bi thua lo
200|Cach giai quyet khi cong ty bi thua lo
200|Cach giai quyet khi cong ty pha san
200|Cach giai quyet bao hiem khi cong ty mat kha nang chi tra
200|Cach giai quyet bao hiem khi cong ty khong co kha nang chi tra
200|Cach giai quyet bao hiem khi cong ty khong the chi tra
200|Cach giai quyet bao hiem khi cong ty bi thua lo hoac pha san
201|Vói giá trị dảm bảo của công ty có thẻ so vói tình hình lạm phát hiên nay như thé nào
201|Tinh hinh lam phat anh huong den viec dam bao bao hiem cua cong ty the nao
201|Bao hiem dam bao cho cong ty khi co lam phat
201|Bao hiem so voi lam phat
201|bao hiem khi co lam phat
201|Tinh hinh lam phat anh huong den viec dam bao bao hiem cua cong ty the nao
201|Bao hiem dam bao cho cong ty khi co lam phat
202|Thu tuc Ho so ben Metlife khac BIC the nao
202|Bao hiem ben BIC va Metlife khac nhau nhu the nao
202|Bao hiem ben BIC va Metlife khac nhau
202|Thu tuc Ho so ben BIC va Metlife khac nhau nhu the nao
202|Tinh chat bao hiem ben BIC va Metlife khac nhau nhu the nao
203|Kham tham dinh
203|Tai sao phai di kham suc khoe
203|Tai sao kham suc khoe
203|Kham suc khoe
203|Tai sao lai phai di kham
204|Chi dinh nguoi thu huong
205|Bao hiem tu ky
205|San pham bao hiem tu ky
205|san pham nay la gi
206|Bo tro tai nan tang cuong
206|Bo tro tai nan ca nhan
220|bao hiem
220|bao hiem la gi
221|doanh nghiep bao hiem
221|cong ty bao hiem
221|cong ti bao hiem
222|dai ly bao hiem
222|dai li bao hiem
1|ben mua bao hiem
1|ben mua
2|nguoi duoc bao hiem
3|tuoi toi da khi ket thuc hop dong
3|tuoi toi da
3|Tuoi toi da ket thuc bao hiem tu ky la bao nhieu?
4|nguoi thu huong
4|Vai tro cua nguoi thu huong
4|Vai tro cua nguoi thu huong trong hop dong
4|Vai tro cua nguoi thu huong trong hop dong bao hiem
4|Trong hop dong bao hiem nhan tho thi Nguoi thu huong la ai
5|tuoi nguoi duoc bao hiem
5|tuoi tinh the nao
5|tinh tuoi
6|Thoi han bao hiem
6|thoi han bh
7|Thoi han hop dong
7|thoi han hd
8|Nam hop dong
9|So tien bao hiem
9|So ten bao hiem
9|So tien bh
9|tien bh
10|Phi bao hiem dinh ky
10|Phi bao hiem
10|phi bh
10|phi bh dinh ky
11|Thoi han dong phi
11|Thoi han dong phi
11|Thoi han dong phi bao hiem
11|Thoi han dong phi hop dong
11|Thoi han dong phi bh
11|Thoi han dong phi hd
12|Ngay den han dong phi
12|ngay dong phi
12|han dong phi
12|ngay han dong phi
12|Thoi diem nop phi
12|Ngay den han dong phi bh
12|ngay dong phi bh
12|ngay han dong phi bh
12|Thoi diem nop phi bh
13|Thoi gian gia han dong phi bao hiem
13|thoi gian gia han dong phi
13|gia han dong phi
14|Khoi phuc hieu luc hop dong
14|Khoi phuc hop dong
14|Thoi gian khoi phuc hop dong
14|Bao lau thi co the khoi phuc xong hieu luc hop dong
14|Bao lau thi co the khoi phuc xong hieu luc hop dong?
14|Thu tuc khoi phuc hop dong
14|Hop dong bi mat hieu luc
14|Khoi phuc hieu luc hop dong
14|Dieu kien de khoi phuc hop dong
14|Thoi gian mat hieu luc hop dong la bao lau thi van co the khoi phuc lai
14|Hop dong cham dut may thang thi van co the khoi phuc duoc
14|Hop dong cham dut may thang thi khong the khoi phuc duoc
14|Thu tuc de khoi phuc hop dong dang mat hieu luc
14|Khoi phuc hieu luc hd
14|Khoi phuc hd
15|Ngay hieu luc cua Hop dong
15|Ngay hieu luc
15|Ngay hieu luc hd
16|Ngay ky niem hop dong
16|Ngay ky niem
16|ky niem hop dong
16|ky niem hd
16|ngay ky niem hd
17|Thuong tat toan bo vinh vien
17|thuong tat vinh vien
18|Hop dong bao hiem
18|Hop dong
19|Ho so yeu cau bao hiem
19|Ho so yeu cau
20|Giay chung nhan bao hiem
20|Chung nhan bao hiem
20|Chung nhan hop dong
21|Bang minh hoa quyen loi
21|Minh hoa quyen loi
22|Thoi gian can nhac
22|Nhung viec co the lam trong thoi gian can nhac
23|Thoi han bao hiem tam thoi
23|Han bao hiem tam thoi
24|Quyen loi bao hiem tam thoi
25|Loai tru doi voi bao hiem tam thoi
25|Loai tru bao hiem tam thoi
26|Bao hiem tam thoi cham dut
27|Quyen loi bao hiem tu vong
27|Quyen loi bh tu vong
28|Quyen loi bao hiem thuong tat toan bo vinh vien
28|Quyen loi bao hiem thuong tat
28|Quyen loi bh thuong tat toan bo vinh vien
28|Quyen loi bh thuong tat
29|Loai tru doi voi su kien tu vong
29|Loai tru tu vong
29|Loai tru khi tu vong
30|Loai tru doi voi su kien Thuong tat toan bo vinh vien
30|Loai tru thuong tat toan bo vinh vien
30|loai tru thuong tat
30|loai tru thuong tat vinh vien
31|THAY DOI SO TIEN
31|thay doi tien
31|Tang So tien
31|tang tien
31|tang tien bao hiem
31|tang so tien bao hiem
31|Giam So tien
31|Giam so tien bao hiem
31|giam tien
31|giam tien bao hiem
31|giam muc phi bao hiem
31|Muc phi dong bao hiem co the giam xuong
31|Giam muc phi dong bao hiem
31|Giam muc phi bao hiem bang cach nao
31|Muc phi dong bao hiem co the giam xuong khong
31|Giam muc phi dong bao hiem duoc khong
31|Muc phi dong bao hiem co the tang len
31|Tang muc phi dong bao hiem
31|Tang muc phi bao hiem bang cach nao
31|Muc phi dong bao hiem co the tang xuong khong
31|Tang muc phi dong bao hiem duoc khong
31|Tang phi bao hiem
31|Muc phi dong bao hiem co the tang len
31|tang muc phi bao hiem
31|Nhung quyen loi khi muc phi dong bao hiem tang len
31|giam phi bh
31|tang phi bh
31|tang tien bh
31|giam tien bh
31|thay doi phi bh
31|thay doi tien bh
32|THAY DOI NGHE NGHIEP, NOI CU TRU, RA KHOI LANH THO VIET NAM
32|THAY DOI NGHE NGHIEP
32|THAY DOI NOI CU TRU
32|RA KHOI LANH THO VIET NAM
32|RA KHOI VIET NAM
33|THAY DOI NGUOI THU HUONG
34|CHUYEN NHUONG HOP DONG BAO HIEM
34|Chuyen nhuong hop dong
34|Dieu kien nhan hop dong chuyen nhuong
34|Dieu kien nhuong hop dong
34|Hieu luc chuyen nhuong hop dong
34|Thu tuc chuyen nhuong hop dong
34|Cac cach chuyen nhuong hop dong
34|Chuyen nhuong hop dong bao hiem tu ky
34|Thu tuc chuyen nhuong hop dong la gi
34|Can nop gi cho cong ty khi chuyen nhuong hop dong
35|Thay doi trong truong hop Ben mua bao hiem la ca nhan bi tu vong
35|Thay doi khi ca nhan tu vong
35|Thay doi khi Ben mua bao hiem la ca nhan tu vong
35|Thay doi khi Ben mua tu vong
36|Thay doi trong truong hop Ben mua bao hiem la to chuc bi giai the
36|Thay doi ben mua giai the
36|Thay doi ben mua pha san
36|Thay doi trong truong hop Ben mua bao hiem la to chuc bi pha san
36|Khi ben mua bi pha san
36|Khi ben mua bi giai the
36|Thay doi trong truong hop Ben mua bao hiem la to chuc giai the
36|Thay doi trong truong hop Ben mua bao hiem la to chuc pha san
37|THOI HAN YEU CAU GIAI QUYET QUYEN LOI BAO HIEM
37|thoi han giai quyet bao hiem
37|thoi han giai quyet quyen loi
38|HO SO YEU CAU GIAI QUYET QUYEN LOI BAO HIEM
38|Ho so giai quyet bao hiem
39|NHAN QUYEN LOI HOP DONG BAO HIEM
39|Nhan quyen loi bao hiem
40|NGHIA VU CHUNG MINH
41|THOI GIAN GIAI QUYET QUYEN LOI BAO HIEM
42|BAO MAT THONG TIN
42|KE KHAI CUNG CAP VA BAO MAT THONG TIN
42|KE KHAI CUNG CAP THONG TIN
43|MIEN TRUY XET
44|GIAI QUYET TRANH CHAP
50|San pham toi dang tham gia
50|bao hiem toi dang tham gia
50|toi dang dung bao hiem nao
50|loai bao hiem toi dang dung
50|Bao hiem toi dang tham gia duoc hieu the nao
51|Hop dong bao hiem chua co da ky nguoi duoc bao hiem gap rui ro giai quyet
51|Bi tu vong khi hop dong bao hiem chua lam xong giai quyet
51|Giai quyet bao hiem rui ro sau khi da tham gia bao hiem chua co hop dong
52|So tien bao hiem toi thieu
52|So tien bao hiem toi da
53|Muc phi de tham gia bao hiem
53|Muc phi toi thieu va toi da de tham gia
53|Muc phi tham gia
53|Muc phi de tham gia bao hiem la the nao?
53|Phi tham gia bao hiem
53|So tien can dong de tham gia bao hiem la bao nhieu
53|So tien toi thieu va toi da de tham gia bao hiem la bao nhieu
53|So tien dong bao hiem
53|Quy dinh so tien dong bao hiem
53|Phi bao hiem phu thuoc vao cai gi
53|phi tham gia bh
54|Hop dong bao hiem co duoc chia lai
54|Lai trong bao hiem tu ky
54|Chia lai
55|Quy dinh khach hang VIP
55|Khach hang VIP
55|Quyen loi khach hang VIP
55|Muc phi de lam khach hang VIP
55|Hop dong lien quan  den viec tro thanh khach hang VIP
56|Thay doi san pham bo tro
56|Them bot san pham bo tro
56|Co the them bot san pham bo tro
56|Them san pham bo tro
56|bot san pham bo tro
57|Di cong tac nuoc ngoai co can khai bao
57|Di cong tac nuoc ngoai khai bao
57|Di cong tac nuoc ngoai
58|Thay doi dinh ky dong tien
58|Thay doi dinh ky dong phi
58|Muc phi thay doi dinh ky dong phi
58|Cach tinh phi bao hiem theo dinh ky
58|Muc phi cho viec thay doi dinh ky dong phi la bao nhieu
58|Cach tinh phi bao hiem theo dinh ky
58|Phi bao hiem theo dinh ky duoc tinh nhu the nao
58|Cong thuc tinh phi bao hiem
58|Tinh phi bao hiem theo dinh ky
59|Gap rui ro nuoc ngoai giai quyet
59|Giai quyet quyen loi roi Viet Nam chua khai bao
59|Giai quyet quyen loi roi Viet Nam khong khai bao
59|Quyen loi rui ro nuoc ngoai
59|Di nuoc ngoai khai bao gi
60|Nhac nho nop phi
60|Quen nop phi
60|Quen dong phi
60|Thoi diem nop phi
60|Nhac nho nop phi bh
60|Quen nop phi bh
60|Quen dong phi bh
60|Thoi diem nop phi bh
60|Nhung anh huong neu cong ty quen nhac nho nop phi
60|Xu ly van de quen dong phi
61|quen dong phi thoi gian mat hieu luc
62|Hieu luc hop dong bi cat khi nop tien sat ngay an han va cong ty khong nhan duoc tien
62|Gap rui ro trong khoang thoi gian hop dong bi cat thi duoc giai quyet the nao?
62|Giai quyet the nao khi nop tien sat ngay het hieu luc hop dong va cong ty chua nhan duoc tien
62|Cong ty giai quyet the nao khi nop tien sat ngay het hieu luc hop dong va cong ty chua nhan duoc tien
62|het hieu luc hop dong cong ty chua nhan duoc tien
62|bi cat hop dong cong ty chua nhan duoc tien
62|hieu luc hop dong bị cat khi cong ty chua nhan duoc tien co duoc bao hiem
62|hieu luc hop dong bị cat khi cong ty chua nhan duoc tien bao hiem
63|Chua dong phi gap rui ro trong thoi gian an han
63|Chua dong phi gap rui ro trong thoi gian con hieu luc hop dong
63|Quyen loi gap rui ro trong thoi gian con hieu luc hop dong
63|Quyen loi gap rui ro trong thoi gian thoi gian an han
63|Quyen loi rui ro trong thoi gian con hieu luc hop dong
63|Quyen loi trong thoi gian con hieu luc hop dong
63|Quyen loi rui ro trong thoi gian an han
63|Quyen loi rui ro con hieu luc hop dong
63|Quyen loi rui ro trong thoi gian con hieu luc hop dong
63|Quyen loi trong thoi gian con hieu luc hop dong
63|Quyen loi rui ro trong thoi gian an han
63|Quyen loi rui ro con hieu luc hop dong
63|quyen loi khi hd con hieu luc
64|Chua nop phi bao hiem khi da het thoi gian an han hop dong
64|Muc lai suat can nop khi da qua thoi gian an han hop dong
64|Thoi gian tinh lai suat khi da qua thoi gian an han hop dong
64|Gap rui ro khi chua nop phi bao hiem
64|Lai suat ap dung khi chua nop phi do ai xac dinh
64|Lai suat cua khoan lai phat sinh de khoi phuc hop dong
64|Cac khoan phi phai nop khi khoi phuc hieu luc hop dong
64|Muc lai suat khoi phuc hop dong
64|Muc lai suat qua an han hop dong
64|lai suat khoi phuc hop dong
64|lai suat qua an han hop dong
64|lai suat khoi phuc hd
64|lai suat qua an han hd
65|Tam dung hop dong
65|Tham gia lai hop dong
65|Cac hinh thuc co the lam de tam dung hop dong
65|Co the tam dung hop dong duoc khong?
65|Co the tham gia lai hop dong sau thoi gian tam dung
65|Thu tuc tham gia lai hop dong
65|Thoi gian tham gia lai hop dong nhu the nao
65|Hieu luc tam dung hop dong
66|Chi dinh nguoi thu huong
66|Co the chi dinh ai la nguoi thu huong
66|Ai co the duoc chi dinh la nguoi thu huong
66|Nguoi thu huong la mot hoac nhieu nguoi co duoc khong?
66|Dieu kien chi dinh nguoi thu huong
66|Dieu kien de tro thanh nguoi thu huong
66|Thoi diem chi dinh nguoi thu huong
66|Co the chinh sua nguoi thu huong
66|Co the bo sung nguoi thu huong
66|Co the bo nguoi thu huong
66|Dieu kien de la Nguoi thu huong trong hop dong
66|Cac quy dinh ve viec chi dinh Nguoi thu huong
66|Co the chi dinh Nguoi thu huong khong
67|Quyen loi chi tra bao hiem cho nguoi thu huong khi co rui ro
67|chi tra quyen loi bao hiem cho nguoi thu huong
67|chi tra quyen loi cho nguoi thu huong
67|chi tra quyen loi bh cho nguoi thu huong
68|Cach giai quyet neu ca nguoi thu huong va nguoi mua bao hiem deu gap rui ro?
68|Nguoi thu huong va nguoi mua deu gap rui ro
68|Neu vo la nguoi thu huong gap rui ro
68|Thanh toan chi tra quyen loi bao hiem cho ai neu ca nguoi thu huong va nguoi mua deu gap tai nan rui ro.
68|Thu tuc nhan thanh toan bao hiem khi nguoi mua va nguoi thu huong deu gap rui ro
68|Neu khong co nguoi thu huong thi giai quyet rui ro the nao
68|Rui ro duoc giai quyet the nao neu khong co nguoi thu huong
68|neu nguoi mua va nguoi thu huong gap rui ro
69|Cac thu tuc phai nop de giai quyet rui ro
69|Cach thuc nop thu tuc de giai quyet rui ro
69|Thoi gian phuc dap tra loi phan hoi cho nguoi gap rui ro nguoi thu huong nguoi mua bao hiem
69|thu tuc yeu cau giai quyet quyen loi bao hiem
69|thu tuc yeu cau giai quyet quyen loi bh
69|thu tuc yeu cau giai quyet bao hiem
69|thu tuc yeu cau giai quyet bh
69|thu tuc yeu cau bao hiem
69|thu tuc yeu cau bh
69|thu tuc yeu cau giai quyet bao hiem
69|thu tuc yeu cau giai quyet bh
69|Cac thu tuc can co de giai quyet quyen loi bao hiem khi gap rui ro
70|Mac benh thuoc pham vi loai tru sau khi da co hop dong bao hiem
70|Cach giai quyet bao hiem doi voi nguoi mac benh thuoc pham vi loai tru trong thoi gian hop dong
70|Bi mac benh loai tru trong thoi gian hop dong hieu luc.
70|Quy dinh ve viec mac benh loai tru trong thoi gian hop dong hieu luc
71|Mat kha nang nop phi
71|Muon cham dut hop dong khi mat kha nang nop phi
71|Thu tuc cham dut hop dong
71|Quyen loi sau khi cham dut hop dong la gi?
71|Cham dut hop dong truoc ngay con hieu luc hop dong thi quyen loi la gi?
71|Co duoc nhan lai tien/phi neu cham dut hop dong truoc ngay con hieu luc
72|Cong viec lien quan den nghia vu nop thue o nuoc ngoai phai khai bao
72|nghia vu nop thue o nuoc ngoai phai khai bao
72|nop thue o My phai khai bao
72|nop thue o Hoa Ky phai khai bao
72|nop thue o nuoc ngoai khai bao
73|Nhan duoc gi khi ket thuc hop dong
73|Quyen loi khi ket thuc hop dong
73|Quyen loi khi ket thuc hd
73|Co nhan duoc gi khi ket thuc hop dong nay
74|Het quyen loi duoc bao hiem
74|Het quyen loi duoc bao hiem, co phai thong bao cho cong ty
74|het quyen loi bh
74|het quyen loi duoc bh
75|tuoi tham gia
75|Tuoi trong bao hiem tu ky
75|do tuoi tham gia